<?xml version="1.0" encoding="UTF-8"?>
<beans xmlns="http://www.springframework.org/schema/beans"
	xmlns:xsi="http://www.w3.org/2001/XMLSchema-instance"
	xmlns:context="http://www.springframework.org/schema/context"
	xmlns:mvc="http://www.springframework.org/schema/mvc"
	xmlns:mybatis-spring="http://mybatis.org/schema/mybatis-spring"
	xsi:schemaLocation="http://www.springframework.org/schema/mvc http://www.springframework.org/schema/mvc/spring-mvc-4.3.xsd
		http://mybatis.org/schema/mybatis-spring http://mybatis.org/schema/mybatis-spring-1.2.xsd
		http://www.springframework.org/schema/beans https://www.springframework.org/schema/beans/spring-beans.xsd
		http://www.springframework.org/schema/context http://www.springframework.org/schema/context/spring-context-4.3.xsd">
	
	<mvc:annotation-driven />
	
	<!-- bean객체를 생성하기 위한 어노테이션 찾아주는 부분  -->
	<context:component-scan base-package="com.ssafy.Util,com.ssafy.*.model"></context:component-scan>
	
	<!-- database 설정하기  -->
	<bean id="dataSource" class="org.springframework.jdbc.datasource.SimpleDriverDataSource">
		<property name="driverClass" value="com.mysql.cj.jdbc.Driver"/>
		<property name="url" value="jdbc:mysql://localhost:3306/happyhouse?serverTimezone=UTC&amp;useUniCode=yes&amp;characterEncoding=UTF-8" />
		<property name="username" value="ssafy"></property>
		<property name="password" value="ssafy"></property>
	</bean>
	
	<!-- mybatis 설정하기 -->
	<bean id="sessionFactory" class="org.mybatis.spring.SqlSessionFactoryBean">
		<property name="dataSource" ref="dataSource"></property>
		<property name="typeAliasesPackage" value="com.ssafy.*.model"></property>
		<property name="mapperLocations" value="classpath:mappers/*/*.xml"></property>
	</bean>

	<!-- mapper class 설정하기 -->
	<mybatis-spring:scan base-package="com.ssafy.*.model.mapper"/>

	<!-- 파일업로드 관련 설정 -->

</beans>
