<?xml version="1.0" encoding="UTF-8" ?>
<!DOCTYPE mapper PUBLIC "-//mybatis.org//DTD Mapper 3.0//EN" 
	"http://mybatis.org/dtd/mybatis-3-mapper.dtd">

<mapper namespace="com.ssafy.member.model.mapper.MemberMapper">

	<resultMap type="memberDto" id="member">
		<result column="user_id" property="userId"/>
		<result column="user_name" property="userName"/>
	</resultMap>
	
	<resultMap type="memberDto" id="memberAll" extends="member">
		<result column="user_password" property="userPwd"/>
		<result column="email_id" property="emailId"/>
		<result column="email_domain" property="emailDomain"/>
		<result column="join_date" property="joinDate"/>
	</resultMap>

	<select id="idCheck" parameterType="String" resultType="int">
		select count(user_id)
		from members
		where user_id = #{userid}
	</select>

	<insert id="joinMember" parameterType="memberDto">
		insert into members (user_name, user_id, user_password, email_id, email_domain, join_date)
		values (#{userName}, #{userId}, #{userPwd}, #{emailId}, #{emailDomain}, now())
	</insert>

	<select id="loginMember" parameterType="map" resultMap="member">
		select user_id, user_name
		from members
		where user_id = #{userid} and user_password = #{userpwd}
	</select>
	
	<select id="listMember" parameterType="map" resultMap="memberAll">
		select user_id, user_name, user_password, email_id, email_domain, join_date
		from members
		order by join_date
	</select>
	
</mapper>